,loss,mape,mse,val_loss,val_mape,val_mse
0,0.06565655767917633,30.598995208740234,0.06565655767917633,0.0714864730834961,45.857147216796875,0.0714864730834961
1,0.05815533176064491,29.32227325439453,0.05815533176064491,0.06781616061925888,46.42810821533203,0.06781616061925888
2,0.053304363042116165,28.276123046875,0.053304363042116165,0.06617015600204468,46.85332107543945,0.06617015600204468
3,0.050704553723335266,27.906246185302734,0.050704553723335266,0.06586878001689911,47.170406341552734,0.06586878001689911
4,0.04941719397902489,28.3615665435791,0.04941719397902489,0.066037118434906,47.87646484375,0.066037118434906
5,0.04881229251623154,29.05838966369629,0.04881229251623154,0.0659438967704773,48.10312271118164,0.0659438967704773
6,0.04843064770102501,29.46321678161621,0.04843064770102501,0.06528878211975098,47.9254150390625,0.06528878211975098
7,0.04771038144826889,29.501689910888672,0.04771038144826889,0.06410137563943863,47.43351745605469,0.06410137563943863
8,0.046819694340229034,29.237667083740234,0.046819694340229034,0.06313847750425339,46.97834777832031,0.06313847750425339
9,0.04573998972773552,28.738439559936523,0.04573998972773552,0.061957262456417084,46.32746887207031,0.061957262456417084
10,0.04458613693714142,28.09328269958496,0.04458613693714142,0.06070643663406372,45.56167984008789,0.06070643663406372
11,0.04361140727996826,27.373279571533203,0.04361140727996826,0.059536971151828766,44.738746643066406,0.059536971151828766
12,0.04278682917356491,26.678890228271484,0.04278682917356491,0.05851472541689873,43.9217529296875,0.05851472541689873
13,0.04216855764389038,26.0157413482666,0.04216855764389038,0.05763641744852066,43.43556213378906,0.05763641744852066
14,0.04173466935753822,25.463321685791016,0.04173466935753822,0.056775741279125214,42.94391632080078,0.056775741279125214
15,0.041391029953956604,25.185556411743164,0.041391029953956604,0.05581687390804291,42.44660186767578,0.05581687390804291
16,0.04103211313486099,24.94588851928711,0.04103211313486099,0.05486944317817688,41.99071502685547,0.05486944317817688
17,0.04061326012015343,24.7318115234375,0.04061326012015343,0.0538812130689621,41.56229019165039,0.0538812130689621
18,0.040097929537296295,24.517162322998047,0.040097929537296295,0.05284487456083298,41.152244567871094,0.05284487456083298
19,0.03948962315917015,24.3045654296875,0.03948962315917015,0.05178125202655792,40.76361846923828,0.05178125202655792
20,0.03882427513599396,24.117952346801758,0.03882427513599396,0.050719164311885834,40.39031982421875,0.050719164311885834
21,0.03814638406038284,23.970741271972656,0.03814638406038284,0.04989991337060928,40.15119934082031,0.04989991337060928
22,0.03750701993703842,23.94907569885254,0.03750701993703842,0.0491502583026886,39.979644775390625,0.0491502583026886
23,0.03694343939423561,24.051395416259766,0.03694343939423561,0.04835046827793121,39.934051513671875,0.04835046827793121
24,0.03644521161913872,24.141353607177734,0.03644521161913872,0.04746132344007492,39.84641647338867,0.04746132344007492
25,0.036013320088386536,24.2133731842041,0.036013320088386536,0.046648427844047546,39.697471618652344,0.046648427844047546
26,0.03562664985656738,24.230152130126953,0.03562664985656738,0.04579026624560356,39.423133850097656,0.04579026624560356
27,0.03520645201206207,24.13465690612793,0.03520645201206207,0.04489946737885475,39.036598205566406,0.04489946737885475
28,0.03473181650042534,23.920503616333008,0.03473181650042534,0.044015198945999146,38.561492919921875,0.044015198945999146
29,0.03422663360834122,23.61063575744629,0.03422663360834122,0.04316611588001251,38.01942443847656,0.04316611588001251
30,0.03370257467031479,23.218908309936523,0.03370257467031479,0.04235391691327095,37.445159912109375,0.04235391691327095
31,0.033156417310237885,22.792936325073242,0.033156417310237885,0.04158125817775726,36.84716796875,0.04158125817775726
32,0.03263172134757042,22.346708297729492,0.03263172134757042,0.04085736349225044,36.26957702636719,0.04085736349225044
33,0.03213711082935333,21.929227828979492,0.03213711082935333,0.04020658880472183,35.82673263549805,0.04020658880472183
34,0.03167713060975075,21.555997848510742,0.03167713060975075,0.03964304178953171,35.435176849365234,0.03964304178953171
35,0.0312275942414999,21.229036331176758,0.0312275942414999,0.03906774893403053,35.05841064453125,0.03906774893403053
36,0.030775370076298714,20.95253562927246,0.030775370076298714,0.03846323490142822,34.694889068603516,0.03846323490142822
37,0.030318815261125565,20.734609603881836,0.030318815261125565,0.037748631089925766,34.31386184692383,0.037748631089925766
38,0.029860179871320724,20.56096649169922,0.029860179871320724,0.036960188299417496,33.9298210144043,0.036960188299417496
39,0.02941897325217724,20.4168701171875,0.02941897325217724,0.0362035296857357,33.565216064453125,0.0362035296857357
40,0.029032714664936066,20.33200454711914,0.029032714664936066,0.03541684150695801,33.21113967895508,0.03541684150695801
41,0.028664525598287582,20.259302139282227,0.028664525598287582,0.03463360667228699,32.82698059082031,0.03463360667228699
42,0.028315650299191475,20.155271530151367,0.028315650299191475,0.03391013666987419,32.39947509765625,0.03391013666987419
43,0.027993204072117805,20.028261184692383,0.027993204072117805,0.03325631469488144,31.91604995727539,0.03325631469488144
44,0.027683937922120094,19.86505699157715,0.027683937922120094,0.03268836811184883,31.38921546936035,0.03268836811184883
45,0.027370063588023186,19.63855743408203,0.027370063588023186,0.03220256417989731,30.8612117767334,0.03220256417989731
46,0.02705836296081543,19.338048934936523,0.02705836296081543,0.03178749233484268,30.393173217773438,0.03178749233484268
47,0.026763489469885826,18.984506607055664,0.026763489469885826,0.03142837807536125,29.930490493774414,0.03142837807536125
48,0.026472095400094986,18.623157501220703,0.026472095400094986,0.031056789681315422,29.42554473876953,0.031056789681315422
49,0.02607806585729122,18.332233428955078,0.02607806585729122,0.03065253607928753,28.917743682861328,0.03065253607928753
50,0.025696391239762306,18.093534469604492,0.025696391239762306,0.030196599662303925,28.396385192871094,0.030196599662303925
51,0.02530696615576744,17.911203384399414,0.02530696615576744,0.029704822227358818,27.867843627929688,0.029704822227358818
52,0.024920297786593437,17.78754234313965,0.024920297786593437,0.029250426217913628,27.371633529663086,0.029250426217913628
53,0.024540040642023087,17.709291458129883,0.024540040642023087,0.028805583715438843,26.873188018798828,0.028805583715438843
54,0.024173080921173096,17.646413803100586,0.024173080921173096,0.028384028002619743,26.407459259033203,0.028384028002619743
55,0.0238310806453228,17.564611434936523,0.0238310806453228,0.028025127947330475,25.957319259643555,0.028025127947330475
56,0.023498447611927986,17.4193172454834,0.023498447611927986,0.02773979865014553,25.481037139892578,0.02773979865014553
57,0.023170948028564453,17.212263107299805,0.023170948028564453,0.02751816064119339,24.98908805847168,0.02751816064119339
58,0.022869709879159927,16.97276496887207,0.022869709879159927,0.02735390141606331,24.489023208618164,0.02735390141606331
59,0.022581854835152626,16.705474853515625,0.022581854835152626,0.027236666530370712,23.992355346679688,0.027236666530370712
60,0.022307690232992172,16.43374252319336,0.022307690232992172,0.02711126208305359,23.50723648071289,0.02711126208305359
61,0.022050630301237106,16.194828033447266,0.022050630301237106,0.026714500039815903,22.99187660217285,0.026714500039815903
62,0.02180883102118969,16.0089054107666,0.02180883102118969,0.02632291428744793,22.497831344604492,0.02632291428744793
63,0.02157195843756199,15.835489273071289,0.02157195843756199,0.025910010561347008,22.024089813232422,0.025910010561347008
64,0.021342849358916283,15.683236122131348,0.021342849358916283,0.025488507002592087,21.579566955566406,0.025488507002592087
65,0.0211259126663208,15.554078102111816,0.0211259126663208,0.02505367062985897,21.155445098876953,0.02505367062985897
66,0.0209161676466465,15.47510814666748,0.0209161676466465,0.024639736860990524,20.75943374633789,0.024639736860990524
67,0.020717592909932137,15.431180953979492,0.020717592909932137,0.024251142516732216,20.38512420654297,0.024251142516732216
68,0.02052334137260914,15.384234428405762,0.02052334137260914,0.023910697549581528,20.026166915893555,0.023910697549581528
69,0.020364603027701378,15.339486122131348,0.020364603027701378,0.023648632690310478,19.658756256103516,0.023648632690310478
70,0.02022724598646164,15.268683433532715,0.02022724598646164,0.023489564657211304,19.340885162353516,0.023489564657211304
71,0.0200969185680151,15.1674222946167,0.0200969185680151,0.0233880914747715,19.022552490234375,0.0233880914747715
72,0.01997927762567997,15.036934852600098,0.01997927762567997,0.023296402767300606,18.712726593017578,0.023296402767300606
73,0.01986350677907467,14.907659530639648,0.01986350677907467,0.023177839815616608,18.416406631469727,0.023177839815616608
74,0.01977594755589962,14.796734809875488,0.01977594755589962,0.023052334785461426,18.120895385742188,0.023052334785461426
75,0.019671205431222916,14.692137718200684,0.019671205431222916,0.022900138050317764,17.840402603149414,0.022900138050317764
76,0.019544918090105057,14.616861343383789,0.019544918090105057,0.02269899845123291,17.573387145996094,0.02269899845123291
77,0.01940833404660225,14.560408592224121,0.01940833404660225,0.02239016257226467,17.33916664123535,0.02239016257226467
78,0.0192909836769104,14.542430877685547,0.0192909836769104,0.02204432338476181,17.1308536529541,0.02204432338476181
79,0.019181126728653908,14.545037269592285,0.019181126728653908,0.021732814610004425,16.923179626464844,0.021732814610004425
80,0.01907796412706375,14.531434059143066,0.01907796412706375,0.0215026643127203,16.706018447875977,0.0215026643127203
81,0.01897573471069336,14.485565185546875,0.01897573471069336,0.021369222551584244,16.47117042541504,0.021369222551584244
82,0.01886964961886406,14.409401893615723,0.01886964961886406,0.021317502483725548,16.216014862060547,0.021317502483725548
83,0.018760085105895996,14.28365421295166,0.018760085105895996,0.021322425454854965,15.964667320251465,0.021322425454854965
84,0.018657976761460304,14.157327651977539,0.018657976761460304,0.021290600299835205,15.7407865524292,0.021290600299835205
85,0.01857207529246807,14.042003631591797,0.01857207529246807,0.021181996911764145,15.555509567260742,0.021181996911764145
86,0.018478503450751305,13.955362319946289,0.018478503450751305,0.020985020324587822,15.412336349487305,0.020985020324587822
87,0.018380679190158844,13.92055892944336,0.018380679190158844,0.02076759934425354,15.289031982421875,0.02076759934425354
88,0.01828259788453579,13.908384323120117,0.01828259788453579,0.02055756188929081,15.166569709777832,0.02055756188929081
89,0.018207821995019913,13.896245956420898,0.018207821995019913,0.020420104265213013,15.0194730758667,0.020420104265213013
90,0.018132833763957024,13.847956657409668,0.018132833763957024,0.02034114859998226,14.857311248779297,0.02034114859998226
91,0.01805008202791214,13.785305976867676,0.01805008202791214,0.02033296599984169,14.681159019470215,0.02033296599984169
92,0.017987379804253578,13.722867965698242,0.017987379804253578,0.020329495891928673,14.528398513793945,0.020329495891928673
93,0.017937693744897842,13.65237808227539,0.017937693744897842,0.020315639674663544,14.419500350952148,0.020315639674663544
94,0.0178972277790308,13.597371101379395,0.0178972277790308,0.020241718739271164,14.346464157104492,0.020241718739271164
95,0.01787196286022663,13.56603717803955,0.01787196286022663,0.02017437480390072,14.273273468017578,0.02017437480390072
96,0.017826218158006668,13.534524917602539,0.017826218158006668,0.02010894939303398,14.203059196472168,0.02010894939303398
97,0.01776132360100746,13.507061958312988,0.01776132360100746,0.020051591098308563,14.118696212768555,0.020051591098308563
98,0.017717715352773666,13.477498054504395,0.017717715352773666,0.019940385594964027,14.08750057220459,0.019940385594964027
99,0.017669081687927246,13.474360466003418,0.017669081687927246,0.01979009248316288,14.096309661865234,0.01979009248316288
100,0.017620213329792023,13.49655532836914,0.017620213329792023,0.019622433930635452,14.117576599121094,0.019622433930635452
101,0.01759551838040352,13.520581245422363,0.01759551838040352,0.01950668729841709,14.105108261108398,0.01950668729841709
102,0.017563389614224434,13.526381492614746,0.017563389614224434,0.019453519955277443,14.061816215515137,0.019453519955277443
103,0.017510447651147842,13.509307861328125,0.017510447651147842,0.019458426162600517,13.978461265563965,0.019458426162600517
104,0.01746896095573902,13.463220596313477,0.01746896095573902,0.019445370882749557,13.917669296264648,0.019445370882749557
105,0.017437851056456566,13.42011547088623,0.017437851056456566,0.019398435950279236,13.892257690429688,0.019398435950279236
106,0.017398608848452568,13.393238067626953,0.017398608848452568,0.019308991730213165,13.904745101928711,0.019308991730213165
107,0.017350785434246063,13.3873291015625,0.017350785434246063,0.01919478364288807,13.942831039428711,0.01919478364288807
108,0.017298288643360138,13.393753051757812,0.017298288643360138,0.019073622301220894,13.990063667297363,0.019073622301220894
109,0.01725602336227894,13.399334907531738,0.01725602336227894,0.018995605409145355,14.005399703979492,0.018995605409145355
110,0.017214929684996605,13.387557029724121,0.017214929684996605,0.01895555481314659,13.99601936340332,0.01895555481314659
111,0.017163390293717384,13.363030433654785,0.017163390293717384,0.018893446773290634,13.997153282165527,0.018893446773290634
112,0.01711338758468628,13.345333099365234,0.01711338758468628,0.01880018040537834,14.014364242553711,0.01880018040537834
113,0.017086949199438095,13.333230018615723,0.017086949199438095,0.018769919872283936,13.995240211486816,0.018769919872283936
114,0.01705862022936344,13.292993545532227,0.01705862022936344,0.01878688484430313,13.931259155273438,0.01878688484430313
115,0.01700773648917675,13.241735458374023,0.01700773648917675,0.018802456557750702,13.851463317871094,0.018802456557750702
116,0.016969190910458565,13.188694953918457,0.016969190910458565,0.01870853640139103,13.808773040771484,0.01870853640139103
117,0.016937250271439552,13.186090469360352,0.016937250271439552,0.018531613051891327,13.803196907043457,0.018531613051891327
118,0.016897501423954964,13.227629661560059,0.016897501423954964,0.018330872058868408,13.816425323486328,0.018330872058868408
119,0.016861820593476295,13.27501392364502,0.016861820593476295,0.01820102334022522,13.796062469482422,0.01820102334022522
120,0.01682181842625141,13.287087440490723,0.01682181842625141,0.018157556653022766,13.732911109924316,0.018157556653022766
121,0.01678529940545559,13.250530242919922,0.01678529940545559,0.01811200939118862,13.674349784851074,0.01811200939118862
122,0.01675703190267086,13.209856986999512,0.01675703190267086,0.018137646839022636,13.573596954345703,0.018137646839022636
123,0.01671924628317356,13.143237113952637,0.01671924628317356,0.018161272630095482,13.454178810119629,0.018161272630095482
124,0.01668928936123848,13.083170890808105,0.01668928936123848,0.018071647733449936,13.390414237976074,0.018071647733449936
125,0.016659410670399666,13.074114799499512,0.016659410670399666,0.017895910888910294,13.386590957641602,0.017895910888910294
126,0.016615886241197586,13.102228164672852,0.016615886241197586,0.017670927569270134,13.417308807373047,0.017670927569270134
127,0.01659179851412773,13.15422534942627,0.01659179851412773,0.017564544454216957,13.401798248291016,0.017564544454216957
128,0.01656516268849373,13.14720630645752,0.01656516268849373,0.017612935975193977,13.327277183532715,0.017612935975193977
129,0.01651032269001007,13.068816184997559,0.01651032269001007,0.017687255516648293,13.229443550109863,0.017687255516648293
130,0.01647069677710533,12.9803466796875,0.01647069677710533,0.017719272524118423,13.124846458435059,0.017719272524118423
131,0.01644984446465969,12.917298316955566,0.01644984446465969,0.017634933814406395,13.063475608825684,0.017634933814406395
132,0.016419578343629837,12.914209365844727,0.016419578343629837,0.017452329397201538,13.061196327209473,0.017452329397201538
133,0.016383685171604156,12.954910278320312,0.016383685171604156,0.017250996083021164,13.082090377807617,0.017250996083021164
134,0.016347775235772133,13.008207321166992,0.016347775235772133,0.017150476574897766,13.06240463256836,0.017150476574897766
135,0.01631741039454937,13.007966041564941,0.01631741039454937,0.01712910085916519,13.000788688659668,0.01712910085916519
136,0.016294317319989204,12.965828895568848,0.016294317319989204,0.017073465511202812,12.969870567321777,0.017073465511202812
137,0.016257362440228462,12.943680763244629,0.016257362440228462,0.01698107272386551,12.969624519348145,0.01698107272386551
138,0.01620667800307274,12.944244384765625,0.01620667800307274,0.016865015029907227,12.972773551940918,0.016865015029907227
139,0.0161886066198349,12.946821212768555,0.0161886066198349,0.016871804371476173,12.90340518951416,0.016871804371476173
140,0.016163816675543785,12.889311790466309,0.016163816675543785,0.016906484961509705,12.81062126159668,0.016906484961509705
141,0.016131175681948662,12.819794654846191,0.016131175681948662,0.016933707520365715,12.718557357788086,0.016933707520365715
142,0.01608942821621895,12.757062911987305,0.01608942821621895,0.016841256991028786,12.692008972167969,0.016841256991028786
143,0.01605300046503544,12.75090217590332,0.01605300046503544,0.01674349047243595,12.663384437561035,0.01674349047243595
144,0.016023270785808563,12.747235298156738,0.016023270785808563,0.01654157042503357,12.6876859664917,0.01654157042503357
145,0.01598840020596981,12.804242134094238,0.01598840020596981,0.01630902849137783,12.738947868347168,0.01630902849137783
146,0.015964685007929802,12.880267143249512,0.015964685007929802,0.01625913195312023,12.70439338684082,0.01625913195312023
147,0.015928955748677254,12.863533973693848,0.015928955748677254,0.01633153297007084,12.619044303894043,0.01633153297007084
148,0.015896430239081383,12.781478881835938,0.015896430239081383,0.016369355842471123,12.555004119873047,0.016369355842471123
149,0.015876686200499535,12.717951774597168,0.015876686200499535,0.016272040084004402,12.552406311035156,0.016272040084004402
150,0.01584787294268608,12.714003562927246,0.01584787294268608,0.01613084226846695,12.547693252563477,0.01613084226846695
151,0.015811724588274956,12.736978530883789,0.015811724588274956,0.016038255766034126,12.514278411865234,0.016038255766034126
152,0.015782682225108147,12.736435890197754,0.015782682225108147,0.01602390967309475,12.446173667907715,0.01602390967309475
153,0.015757938846945763,12.692965507507324,0.015757938846945763,0.01606912352144718,12.371109008789062,0.01606912352144718
154,0.01572502963244915,12.623002052307129,0.01572502963244915,0.016015641391277313,12.3597993850708,0.016015641391277313
155,0.015699021518230438,12.601654052734375,0.015699021518230438,0.015854353085160255,12.401565551757812,0.015854353085160255
156,0.01567772589623928,12.632806777954102,0.01567772589623928,0.015741657465696335,12.425301551818848,0.015741657465696335
157,0.015644123777747154,12.650949478149414,0.015644123777747154,0.015678495168685913,12.425443649291992,0.015678495168685913
158,0.015601892955601215,12.652942657470703,0.015601892955601215,0.015678564086556435,12.385780334472656,0.015678564086556435
159,0.015570027753710747,12.621044158935547,0.015570027753710747,0.01564318686723709,12.36117172241211,0.01564318686723709
160,0.015553322620689869,12.595455169677734,0.015553322620689869,0.015603792853653431,12.334425926208496,0.015603792853653431
161,0.015520047396421432,12.576693534851074,0.015520047396421432,0.015536153689026833,12.303512573242188,0.015536153689026833
162,0.015488759614527225,12.558764457702637,0.015488759614527225,0.015401286073029041,12.308670043945312,0.015401286073029041
163,0.015451431274414062,12.57681655883789,0.015451431274414062,0.015343505889177322,12.261354446411133,0.015343505889177322
164,0.01542732771486044,12.558897018432617,0.01542732771486044,0.015362954698503017,12.188399314880371,0.015362954698503017
165,0.015400933101773262,12.509737014770508,0.015400933101773262,0.01530418824404478,12.177781105041504,0.01530418824404478
166,0.01537180133163929,12.495691299438477,0.01537180133163929,0.015270679257810116,12.164819717407227,0.015270679257810116
167,0.015335778705775738,12.473957061767578,0.015335778705775738,0.015151463449001312,12.199209213256836,0.015151463449001312
168,0.015320749022066593,12.48507308959961,0.015320749022066593,0.015102781355381012,12.169109344482422,0.015102781355381012
169,0.015300636179745197,12.46815013885498,0.015300636179745197,0.015050191432237625,12.117481231689453,0.015050191432237625
170,0.015269427560269833,12.45753002166748,0.015269427560269833,0.014931468293070793,12.11642074584961,0.014931468293070793
171,0.01522811222821474,12.48419189453125,0.01522811222821474,0.014776983298361301,12.124207496643066,0.014776983298361301
172,0.015225021168589592,12.515050888061523,0.015225021168589592,0.014758561737835407,12.088298797607422,0.014758561737835407
173,0.015205781906843185,12.48211669921875,0.015205781906843185,0.014861100353300571,12.011550903320312,0.014861100353300571
174,0.015170523896813393,12.392871856689453,0.015170523896813393,0.015036249533295631,11.884601593017578,0.015036249533295631
175,0.015148594975471497,12.28244400024414,0.015148594975471497,0.014972448348999023,11.872316360473633,0.014972448348999023
176,0.015121790580451488,12.276199340820312,0.015121790580451488,0.014715926721692085,11.948772430419922,0.014715926721692085
177,0.015075902454555035,12.353375434875488,0.015075902454555035,0.014498669654130936,11.984384536743164,0.014498669654130936
178,0.015050048939883709,12.417316436767578,0.015050048939883709,0.014292697422206402,12.013158798217773,0.014292697422206402
179,0.01504436694085598,12.46582317352295,0.01504436694085598,0.014298194088041782,11.929523468017578,0.014298194088041782
180,0.01501940842717886,12.408266067504883,0.01501940842717886,0.014407685026526451,11.80044174194336,0.014407685026526451
181,0.014987243339419365,12.302319526672363,0.014987243339419365,0.014441946521401405,11.722368240356445,0.014441946521401405
182,0.014960866421461105,12.23869800567627,0.014960866421461105,0.014467514120042324,11.647171974182129,0.014467514120042324
183,0.014930824749171734,12.187274932861328,0.014930824749171734,0.01435345970094204,11.653786659240723,0.01435345970094204
184,0.01489432342350483,12.210397720336914,0.01489432342350483,0.014235597103834152,11.632039070129395,0.014235597103834152
185,0.014873551204800606,12.233819007873535,0.014873551204800606,0.014166327193379402,11.578848838806152,0.014166327193379402
186,0.01485506072640419,12.231168746948242,0.01485506072640419,0.014152077957987785,11.498641014099121,0.014152077957987785
187,0.014840882271528244,12.193546295166016,0.014840882271528244,0.01409610640257597,11.48318099975586,0.01409610640257597
188,0.014809687621891499,12.180228233337402,0.014809687621891499,0.014011547900736332,11.520782470703125,0.014011547900736332
189,0.014771242626011372,12.182852745056152,0.014771242626011372,0.013985944911837578,11.519103050231934,0.013985944911837578
190,0.014741015620529652,12.147089004516602,0.014741015620529652,0.013989307917654514,11.487333297729492,0.013989307917654514
191,0.014731351286172867,12.089937210083008,0.014731351286172867,0.013978248462080956,11.446263313293457,0.013978248462080956
192,0.014707393012940884,12.0498628616333,0.014707393012940884,0.01390126533806324,11.427530288696289,0.01390126533806324
193,0.014691556803882122,12.048604011535645,0.014691556803882122,0.013687185943126678,11.498636245727539,0.013687185943126678
194,0.014658710919320583,12.12900447845459,0.014658710919320583,0.013456685468554497,11.585290908813477,0.013456685468554497
195,0.01465324591845274,12.227835655212402,0.01465324591845274,0.013450538739562035,11.538052558898926,0.013450538739562035
196,0.014620985835790634,12.199898719787598,0.014620985835790634,0.013635573908686638,11.379120826721191,0.013635573908686638
197,0.014581453986465931,12.061495780944824,0.014581453986465931,0.013745468109846115,11.274374961853027,0.013745468109846115
198,0.014555716887116432,11.978086471557617,0.014555716887116432,0.013681069016456604,11.25908088684082,0.013681069016456604
199,0.014534405432641506,11.978557586669922,0.014534405432641506,0.013510903343558311,11.3063325881958,0.013510903343558311
200,0.014531498774886131,12.036432266235352,0.014531498774886131,0.013482482172548771,11.283151626586914,0.013482482172548771
201,0.014510870911180973,12.017793655395508,0.014510870911180973,0.01356681901961565,11.204611778259277,0.01356681901961565
202,0.014469587244093418,11.933512687683105,0.014469587244093418,0.013558237813413143,11.17427921295166,0.013558237813413143
203,0.01444594282656908,11.902578353881836,0.01444594282656908,0.013405955396592617,11.246870040893555,0.013405955396592617
204,0.014410157687962055,11.95277214050293,0.014410157687962055,0.013302095234394073,11.291618347167969,0.013302095234394073
205,0.014386673457920551,11.983420372009277,0.014386673457920551,0.013258938677608967,11.276656150817871,0.013258938677608967
206,0.014378253370523453,11.964723587036133,0.014378253370523453,0.013171721249818802,11.285386085510254,0.013171721249818802
207,0.014366941526532173,11.97456169128418,0.014366941526532173,0.01314736157655716,11.240179061889648,0.01314736157655716
208,0.014325948432087898,11.951292037963867,0.014325948432087898,0.013164513744413853,11.127147674560547,0.013164513744413853
209,0.014296305365860462,11.893237113952637,0.014296305365860462,0.013240677304565907,10.988292694091797,0.013240677304565907
210,0.014284644275903702,11.794783592224121,0.014284644275903702,0.013188646174967289,10.956727981567383,0.013188646174967289
211,0.014268240891397,11.777945518493652,0.014268240891397,0.013152842409908772,10.935282707214355,0.013152842409908772
212,0.014241536147892475,11.760394096374512,0.014241536147892475,0.013119226321578026,10.909636497497559,0.013119226321578026
213,0.014232417568564415,11.73909854888916,0.014232417568564415,0.012950199656188488,10.974403381347656,0.012950199656188488
214,0.014203185215592384,11.803202629089355,0.014203185215592384,0.012752695009112358,11.064550399780273,0.012752695009112358
215,0.01417828444391489,11.913447380065918,0.01417828444391489,0.012718450278043747,11.065223693847656,0.012718450278043747
216,0.014160643331706524,11.902512550354004,0.014160643331706524,0.01282959058880806,10.983797073364258,0.01282959058880806
217,0.014137214981019497,11.784253120422363,0.014137214981019497,0.013038115575909615,10.820470809936523,0.013038115575909615
218,0.014122982509434223,11.614717483520508,0.014122982509434223,0.013105005957186222,10.69807243347168,0.013105005957186222
219,0.014128271490335464,11.541156768798828,0.014128271490335464,0.012882566079497337,10.730562210083008,0.012882566079497337
220,0.01409449614584446,11.616064071655273,0.01409449614584446,0.012569514103233814,10.855941772460938,0.012569514103233814
221,0.01406094990670681,11.808879852294922,0.01406094990670681,0.012336330488324165,10.97834587097168,0.012336330488324165
222,0.014049452729523182,11.949352264404297,0.014049452729523182,0.012404595501720905,10.90096664428711,0.012404595501720905
223,0.014014491811394691,11.842805862426758,0.014014491811394691,0.012620843015611172,10.745654106140137,0.012620843015611172
224,0.013992246240377426,11.623798370361328,0.013992246240377426,0.01282037515193224,10.581591606140137,0.01282037515193224
225,0.013999462127685547,11.453662872314453,0.013999462127685547,0.01275072991847992,10.582947731018066,0.01275072991847992
226,0.013966428115963936,11.460305213928223,0.013966428115963936,0.012448620051145554,10.707037925720215,0.012448620051145554
227,0.013933632522821426,11.625711441040039,0.013933632522821426,0.012247337959706783,10.74687385559082,0.012247337959706783
228,0.013927150517702103,11.729024887084961,0.013927150517702103,0.012249094434082508,10.66654109954834,0.012249094434082508
229,0.013895669020712376,11.692869186401367,0.013895669020712376,0.012368030846118927,10.515016555786133,0.012368030846118927
230,0.013871550559997559,11.556937217712402,0.013871550559997559,0.012403720989823341,10.427021026611328,0.012403720989823341
231,0.013853834010660648,11.48262882232666,0.013853834010660648,0.012334929779171944,10.44070053100586,0.012334929779171944
232,0.01382964663207531,11.476649284362793,0.01382964663207531,0.012256534770131111,10.446208953857422,0.012256534770131111
233,0.013815066777169704,11.483957290649414,0.013815066777169704,0.012196428142488003,10.425141334533691,0.012196428142488003
234,0.013794242404401302,11.490216255187988,0.013794242404401302,0.012190994806587696,10.390872955322266,0.012190994806587696
235,0.013768301345407963,11.459905624389648,0.013768301345407963,0.01219014823436737,10.346981048583984,0.01219014823436737
236,0.013743697665631771,11.43660831451416,0.013743697665631771,0.012187251821160316,10.296619415283203,0.012187251821160316
237,0.013738533481955528,11.39869213104248,0.013738533481955528,0.012080837972462177,10.332468032836914,0.012080837972462177
238,0.013716859742999077,11.44740104675293,0.013716859742999077,0.011957574635744095,10.392451286315918,0.011957574635744095
239,0.013696311041712761,11.495376586914062,0.013696311041712761,0.01197268720716238,10.338340759277344,0.01197268720716238
240,0.013673380948603153,11.433579444885254,0.013673380948603153,0.012050767429172993,10.202858924865723,0.012050767429172993
241,0.013657862320542336,11.32867431640625,0.013657862320542336,0.011989747174084187,10.185428619384766,0.011989747174084187
242,0.013629485853016376,11.331521034240723,0.013629485853016376,0.011906548403203487,10.192289352416992,0.011906548403203487
243,0.013616826385259628,11.346807479858398,0.013616826385259628,0.01185606699436903,10.184186935424805,0.01185606699436903
244,0.013598889112472534,11.345949172973633,0.013598889112472534,0.011851552873849869,10.155672073364258,0.011851552873849869
245,0.01357564702630043,11.3160400390625,0.01357564702630043,0.011797625571489334,10.166821479797363,0.011797625571489334
246,0.013553277589380741,11.300874710083008,0.013553277589380741,0.011780224740505219,10.147010803222656,0.011780224740505219
247,0.013535873964428902,11.26390552520752,0.013535873964428902,0.011776737868785858,10.121182441711426,0.011776737868785858
248,0.013518039137125015,11.228951454162598,0.013518039137125015,0.01176050491631031,10.107577323913574,0.01176050491631031
249,0.013497277162969112,11.218282699584961,0.013497277162969112,0.011739753186702728,10.102913856506348,0.011739753186702728
250,0.013478362932801247,11.21846866607666,0.013478362932801247,0.01162375882267952,10.171056747436523,0.01162375882267952
251,0.013463904149830341,11.270312309265137,0.013463904149830341,0.011538702994585037,10.212911605834961,0.011538702994585037
252,0.013440781272947788,11.312192916870117,0.013440781272947788,0.011529776267707348,10.179829597473145,0.011529776267707348
253,0.01342304702848196,11.289836883544922,0.01342304702848196,0.011589608155190945,10.08629035949707,0.011589608155190945
254,0.013403723947703838,11.217374801635742,0.013403723947703838,0.011660745367407799,9.974979400634766,0.011660745367407799
255,0.013397719711065292,11.122262954711914,0.013397719711065292,0.011608980596065521,9.999938011169434,0.011608980596065521
256,0.01336656417697668,11.126119613647461,0.01336656417697668,0.011521643027663231,10.045679092407227,0.011521643027663231
257,0.013349664397537708,11.165505409240723,0.013349664397537708,0.0114792101085186,10.057392120361328,0.0114792101085186
258,0.013331283815205097,11.168445587158203,0.013331283815205097,0.011471151374280453,10.02818775177002,0.011471151374280453
259,0.013318000361323357,11.144511222839355,0.013318000361323357,0.011391261592507362,10.071850776672363,0.011391261592507362
260,0.01329809334129095,11.175042152404785,0.01329809334129095,0.011354068294167519,10.062077522277832,0.011354068294167519
261,0.013287631794810295,11.1649169921875,0.013287631794810295,0.011374063789844513,10.017366409301758,0.011374063789844513
262,0.01326602790504694,11.117754936218262,0.01326602790504694,0.01140978280454874,9.96420955657959,0.01140978280454874
263,0.013244661502540112,11.059576988220215,0.013244661502540112,0.011311323381960392,10.033218383789062,0.011311323381960392
264,0.013228626921772957,11.11135196685791,0.013228626921772957,0.011309673078358173,10.009416580200195,0.011309673078358173
265,0.013210629113018513,11.097213745117188,0.013210629113018513,0.011347082443535328,9.948328018188477,0.011347082443535328
266,0.013192664831876755,11.042024612426758,0.013192664831876755,0.01137519720941782,9.879054069519043,0.01137519720941782
267,0.013190308585762978,10.986221313476562,0.013190308585762978,0.011255824007093906,9.954364776611328,0.011255824007093906
268,0.013160941191017628,11.055022239685059,0.013160941191017628,0.011165889911353588,9.98885726928711,0.011165889911353588
269,0.01314582210034132,11.085875511169434,0.01314582210034132,0.011143612675368786,9.960258483886719,0.011143612675368786
270,0.013128837570548058,11.051851272583008,0.013128837570548058,0.01118615735322237,9.884647369384766,0.01118615735322237
271,0.013112173415720463,10.977798461914062,0.013112173415720463,0.01124197244644165,9.830233573913574,0.01124197244644165
272,0.013091996312141418,10.916278839111328,0.013091996312141418,0.011259879916906357,9.832709312438965,0.011259879916906357
273,0.013076255097985268,10.881010055541992,0.013076255097985268,0.011125307530164719,9.843771934509277,0.011125307530164719
274,0.013068580999970436,10.950825691223145,0.013068580999970436,0.011072837747633457,9.85452651977539,0.011072837747633457
275,0.0130578288808465,10.961934089660645,0.0130578288808465,0.01112721674144268,9.828020095825195,0.01112721674144268
276,0.013033255934715271,10.89108657836914,0.013033255934715271,0.011201669462025166,9.824423789978027,0.011201669462025166
277,0.0130147160962224,10.814214706420898,0.0130147160962224,0.01119675487279892,9.825394630432129,0.01119675487279892
278,0.0130152003839612,10.802048683166504,0.0130152003839612,0.01101873442530632,9.87624454498291,0.01101873442530632
279,0.012981591746211052,10.944047927856445,0.012981591746211052,0.010902909561991692,9.953933715820312,0.010902909561991692
280,0.012973591685295105,11.018739700317383,0.012973591685295105,0.010938148945569992,9.885689735412598,0.010938148945569992
281,0.012957396917045116,10.943198204040527,0.012957396917045116,0.01108524389564991,9.848381996154785,0.01108524389564991
282,0.012936518527567387,10.777565956115723,0.012936518527567387,0.011211159639060497,9.845678329467773,0.011211159639060497
283,0.012918966822326183,10.659709930419922,0.012918966822326183,0.01109221763908863,9.862283706665039,0.01109221763908863
284,0.012901169247925282,10.711673736572266,0.012901169247925282,0.010924205183982849,9.896869659423828,0.010924205183982849
285,0.012888642959296703,10.83240795135498,0.012888642959296703,0.010883981361985207,9.921625137329102,0.010883981361985207
286,0.012874501757323742,10.865995407104492,0.012874501757323742,0.010938894934952259,9.933225631713867,0.010938894934952259
287,0.012859884649515152,10.804319381713867,0.012859884649515152,0.010941644199192524,9.940550804138184,0.010941644199192524
288,0.012841415591537952,10.777017593383789,0.012841415591537952,0.010993441566824913,9.930415153503418,0.010993441566824913
289,0.01283101737499237,10.696785926818848,0.01283101737499237,0.0110791539773345,9.923975944519043,0.0110791539773345
290,0.012815055437386036,10.604618072509766,0.012815055437386036,0.01100674644112587,9.93957233428955,0.01100674644112587
291,0.012793520465493202,10.622977256774902,0.012793520465493202,0.010934293270111084,9.974034309387207,0.010934293270111084
292,0.012775557115674019,10.660016059875488,0.012775557115674019,0.010871761478483677,10.015331268310547,0.010871761478483677
293,0.012760127894580364,10.701151847839355,0.012760127894580364,0.010855048894882202,10.056694030761719,0.010855048894882202
294,0.012736964039504528,10.70366382598877,0.012736964039504528,0.010901425033807755,10.092287063598633,0.010901425033807755
295,0.012708157300949097,10.658205032348633,0.012708157300949097,0.010986372828483582,10.102705001831055,0.010986372828483582
296,0.012708218768239021,10.570758819580078,0.012708218768239021,0.010985306464135647,10.142106056213379,0.010985306464135647
297,0.012686314061284065,10.55882453918457,0.012686314061284065,0.010894928127527237,10.193517684936523,0.010894928127527237
298,0.012661365792155266,10.606215476989746,0.012661365792155266,0.01084212213754654,10.232257843017578,0.01084212213754654
299,0.012645984999835491,10.62772274017334,0.012645984999835491,0.010889081284403801,10.252334594726562,0.010889081284403801
300,0.012628464959561825,10.56462574005127,0.012628464959561825,0.010956920683383942,10.279363632202148,0.010956920683383942
301,0.012604392133653164,10.503518104553223,0.012604392133653164,0.011009483598172665,10.310251235961914,0.011009483598172665
302,0.012585477903485298,10.462207794189453,0.012585477903485298,0.011006668210029602,10.337627410888672,0.011006668210029602
303,0.012584087438881397,10.462051391601562,0.012584087438881397,0.01090911217033863,10.391249656677246,0.01090911217033863
304,0.012564103119075298,10.549253463745117,0.012564103119075298,0.010814952664077282,10.423751831054688,0.010814952664077282
305,0.012549801729619503,10.61157512664795,0.012549801729619503,0.010831228457391262,10.418052673339844,0.010831228457391262
306,0.012537894770503044,10.557340621948242,0.012537894770503044,0.010925499722361565,10.395938873291016,0.010925499722361565
307,0.012523096986114979,10.45166015625,0.012523096986114979,0.011004086583852768,10.383161544799805,0.011004086583852768
308,0.012505944818258286,10.38133716583252,0.012505944818258286,0.011011096648871899,10.396236419677734,0.011011096648871899
309,0.012480688281357288,10.404280662536621,0.012480688281357288,0.010930676013231277,10.412226676940918,0.010930676013231277
310,0.012474838644266129,10.474504470825195,0.012474838644266129,0.010799504816532135,10.429149627685547,0.010799504816532135
311,0.012468182481825352,10.557602882385254,0.012468182481825352,0.010791790671646595,10.402596473693848,0.010791790671646595
312,0.012459376826882362,10.511224746704102,0.012459376826882362,0.010938240215182304,10.350265502929688,0.010938240215182304
313,0.012436840683221817,10.345873832702637,0.012436840683221817,0.010934242978692055,10.322986602783203,0.010934242978692055
314,0.012430396862328053,10.285737991333008,0.012430396862328053,0.010874379426240921,10.322195053100586,0.010874379426240921
315,0.012407531030476093,10.30185317993164,0.012407531030476093,0.010799525305628777,10.320455551147461,0.010799525305628777
316,0.012386614456772804,10.342669486999512,0.012386614456772804,0.010737313888967037,10.315983772277832,0.010737313888967037
317,0.012381749227643013,10.379973411560059,0.012381749227643013,0.010740138590335846,10.290484428405762,0.010740138590335846
318,0.012377035804092884,10.344099044799805,0.012377035804092884,0.010686462745070457,10.277159690856934,0.010686462745070457
319,0.012358423322439194,10.336145401000977,0.012358423322439194,0.010695673525333405,10.2476806640625,0.010695673525333405
320,0.012346362695097923,10.26806354522705,0.012346362695097923,0.010750229470431805,10.223180770874023,0.010750229470431805
321,0.012330502271652222,10.198073387145996,0.012330502271652222,0.01077725738286972,10.20618724822998,0.01077725738286972
322,0.012315331026911736,10.17530345916748,0.012315331026911736,0.010735229589045048,10.208765029907227,0.010735229589045048
323,0.012297958135604858,10.209447860717773,0.012297958135604858,0.010565750300884247,10.220765113830566,0.010565750300884247
324,0.012286633253097534,10.312480926513672,0.012286633253097534,0.010515114292502403,10.217421531677246,0.010515114292502403
325,0.012274173088371754,10.30845832824707,0.012274173088371754,0.01056855358183384,10.192167282104492,0.01056855358183384
326,0.01225721463561058,10.23427677154541,0.01225721463561058,0.010706917382776737,10.16564655303955,0.010706917382776737
327,0.01223516184836626,10.125547409057617,0.01223516184836626,0.010754982940852642,10.149120330810547,0.010754982940852642
328,0.012227382510900497,10.070418357849121,0.012227382510900497,0.010690989904105663,10.161285400390625,0.010690989904105663
329,0.012210131622850895,10.099674224853516,0.012210131622850895,0.01057765819132328,10.185992240905762,0.01057765819132328
330,0.012193059548735619,10.159440040588379,0.012193059548735619,0.010507367551326752,10.19961166381836,0.010507367551326752
331,0.012180746532976627,10.175246238708496,0.012180746532976627,0.01051434874534607,10.180512428283691,0.01051434874534607
332,0.012168587185442448,10.123625755310059,0.012168587185442448,0.010551090352237225,10.159666061401367,0.010551090352237225
333,0.012158747762441635,10.058711051940918,0.012158747762441635,0.010544341057538986,10.15357780456543,0.010544341057538986
334,0.012143583968281746,10.027435302734375,0.012143583968281746,0.010468048974871635,10.16359806060791,0.010468048974871635
335,0.012127670459449291,10.055582046508789,0.012127670459449291,0.01038568839430809,10.179754257202148,0.01038568839430809
336,0.012108436785638332,10.114084243774414,0.012108436785638332,0.01035718247294426,10.184216499328613,0.01035718247294426
337,0.012094279751181602,10.139504432678223,0.012094279751181602,0.010421529412269592,10.168986320495605,0.010421529412269592
338,0.012083479203283787,10.07314682006836,0.012083479203283787,0.010500510223209858,10.148439407348633,0.010500510223209858
339,0.012072175741195679,9.97789478302002,0.012072175741195679,0.010508195497095585,10.138964653015137,0.010508195497095585
340,0.012057154439389706,9.9345703125,0.012057154439389706,0.010404813103377819,10.147099494934082,0.010404813103377819
341,0.012040257453918457,9.971365928649902,0.012040257453918457,0.010337350890040398,10.150776863098145,0.010337350890040398
342,0.012023047544062138,9.979766845703125,0.012023047544062138,0.010266972705721855,10.155370712280273,0.010266972705721855
343,0.012013169005513191,9.99282455444336,0.012013169005513191,0.010242309421300888,10.149588584899902,0.010242309421300888
344,0.012002256698906422,9.970484733581543,0.012002256698906422,0.010285768657922745,10.131795883178711,0.010285768657922745
345,0.011984158307313919,9.917258262634277,0.011984158307313919,0.010348967276513577,10.11789608001709,0.010348967276513577
346,0.011967058293521404,9.864520072937012,0.011967058293521404,0.01038413681089878,10.102560997009277,0.01038413681089878
347,0.011956529691815376,9.83127498626709,0.011956529691815376,0.01033732108771801,10.102311134338379,0.01033732108771801
348,0.01194221992045641,9.837065696716309,0.01194221992045641,0.010243476368486881,10.146021842956543,0.010243476368486881
349,0.011928156018257141,9.869800567626953,0.011928156018257141,0.010201891884207726,10.199395179748535,0.010201891884207726
350,0.011913965456187725,9.874140739440918,0.011913965456187725,0.010207025334239006,10.201292037963867,0.010207025334239006
351,0.011901692487299442,9.836858749389648,0.011901692487299442,0.010206364095211029,10.199071884155273,0.010206364095211029
352,0.011890197172760963,9.80073070526123,0.011890197172760963,0.01017653476446867,10.233816146850586,0.01017653476446867
353,0.011876184493303299,9.799790382385254,0.011876184493303299,0.01012432761490345,10.301426887512207,0.01012432761490345
354,0.011860194616019726,9.84437084197998,0.011860194616019726,0.010108985006809235,10.339736938476562,0.010108985006809235
355,0.011849281378090382,9.858834266662598,0.011849281378090382,0.010123785585165024,10.332798957824707,0.010123785585165024
356,0.011835719458758831,9.82339096069336,0.011835719458758831,0.01012266706675291,10.322456359863281,0.01012266706675291
357,0.011822277680039406,9.78184700012207,0.011822277680039406,0.010114382952451706,10.28495979309082,0.010114382952451706
358,0.011808188632130623,9.739127159118652,0.011808188632130623,0.010051628574728966,10.299453735351562,0.010051628574728966
359,0.011795689351856709,9.748010635375977,0.011795689351856709,0.010009786114096642,10.32779312133789,0.010009786114096642
360,0.011786320246756077,9.771552085876465,0.011786320246756077,0.009999163448810577,10.328302383422852,0.009999163448810577
361,0.011775222606956959,9.765623092651367,0.011775222606956959,0.009991154074668884,10.309995651245117,0.009991154074668884
362,0.011760208755731583,9.736175537109375,0.011760208755731583,0.00998646579682827,10.271930694580078,0.00998646579682827
363,0.011744099669158459,9.683792114257812,0.011744099669158459,0.009944811463356018,10.26047134399414,0.009944811463356018
364,0.011737032793462276,9.661138534545898,0.011737032793462276,0.009912524372339249,10.271341323852539,0.009912524372339249
365,0.01172700896859169,9.653955459594727,0.01172700896859169,0.00993962213397026,10.273039817810059,0.00993962213397026
366,0.01170787401497364,9.641058921813965,0.01170787401497364,0.009962426498532295,10.303035736083984,0.009962426498532295
367,0.01169787347316742,9.656686782836914,0.01169787347316742,0.00994949508458376,10.351097106933594,0.00994949508458376
368,0.011688926257193089,9.679709434509277,0.011688926257193089,0.009947515092790127,10.367948532104492,0.009947515092790127
369,0.011676188558340073,9.666116714477539,0.011676188558340073,0.009954292327165604,10.358253479003906,0.009954292327165604
370,0.011660530231893063,9.62407112121582,0.011660530231893063,0.009941574186086655,10.365469932556152,0.009941574186086655
371,0.011652695015072823,9.59925365447998,0.011652695015072823,0.009900481440126896,10.401215553283691,0.009900481440126896
372,0.011649230495095253,9.60336685180664,0.011649230495095253,0.009951414540410042,10.417139053344727,0.009951414540410042
373,0.011625986546278,9.594635009765625,0.011625986546278,0.01000390574336052,10.439146041870117,0.01000390574336052
374,0.011618364602327347,9.596895217895508,0.011618364602327347,0.010008452460169792,10.479510307312012,0.010008452460169792
375,0.011608305387198925,9.601775169372559,0.011608305387198925,0.009965636767446995,10.531234741210938,0.009965636767446995
376,0.011595716699957848,9.604522705078125,0.011595716699957848,0.009979607537388802,10.525943756103516,0.009979607537388802
377,0.011581972241401672,9.564105033874512,0.011581972241401672,0.01000186987221241,10.528465270996094,0.01000186987221241
378,0.011571959592401981,9.542174339294434,0.011571959592401981,0.010001173242926598,10.567668914794922,0.010001173242926598
379,0.011564195156097412,9.55297565460205,0.011564195156097412,0.01002064161002636,10.596151351928711,0.01002064161002636
380,0.011552375741302967,9.5487060546875,0.011552375741302967,0.009986849501729012,10.636796951293945,0.009986849501729012
381,0.011541569605469704,9.554654121398926,0.011541569605469704,0.009961788542568684,10.669411659240723,0.009961788542568684
382,0.011530269868671894,9.555234909057617,0.011530269868671894,0.00997624360024929,10.672662734985352,0.00997624360024929
383,0.0115220807492733,9.538102149963379,0.0115220807492733,0.010068533942103386,10.630916595458984,0.010068533942103386
384,0.01150923315435648,9.489151954650879,0.01150923315435648,0.010104630142450333,10.610543251037598,0.010104630142450333
385,0.011505651287734509,9.463278770446777,0.011505651287734509,0.010010997764766216,10.70325756072998,0.010010997764766216
386,0.011489705182611942,9.515775680541992,0.011489705182611942,0.009947599843144417,10.772622108459473,0.009947599843144417
387,0.011480584740638733,9.548916816711426,0.011480584740638733,0.0099782794713974,10.768037796020508,0.0099782794713974
388,0.011465656571090221,9.522497177124023,0.011465656571090221,0.010056168772280216,10.730667114257812,0.010056168772280216
389,0.011447318829596043,9.462240219116211,0.011447318829596043,0.010066665709018707,10.726316452026367,0.010066665709018707
390,0.011438773013651371,9.434094429016113,0.011438773013651371,0.010090874508023262,10.74357795715332,0.010090874508023262
391,0.01143391989171505,9.435698509216309,0.01143391989171505,0.010084250010550022,10.778011322021484,0.010084250010550022
392,0.011422022245824337,9.445271492004395,0.011422022245824337,0.010019801557064056,10.824381828308105,0.010019801557064056
393,0.011409865692257881,9.465063095092773,0.011409865692257881,0.010000905022025108,10.837252616882324,0.010000905022025108
394,0.01139478012919426,9.468982696533203,0.01139478012919426,0.009997802786529064,10.809311866760254,0.009997802786529064
395,0.011388854123651981,9.451132774353027,0.011388854123651981,0.010025523602962494,10.76144790649414,0.010025523602962494
396,0.011382290162146091,9.413352012634277,0.011382290162146091,0.010059105232357979,10.762825965881348,0.010059105232357979
397,0.011367926374077797,9.398711204528809,0.011367926374077797,0.009996309876441956,10.831149101257324,0.009996309876441956
398,0.01135234348475933,9.429290771484375,0.01135234348475933,0.009936684742569923,10.881463050842285,0.009936684742569923
399,0.01134426798671484,9.456250190734863,0.01134426798671484,0.00993192195892334,10.85448169708252,0.00993192195892334
400,0.011332270689308643,9.42696762084961,0.011332270689308643,0.010024840012192726,10.775489807128906,0.010024840012192726
401,0.011317342519760132,9.362109184265137,0.011317342519760132,0.010064005851745605,10.768533706665039,0.010064005851745605
402,0.011308273300528526,9.352721214294434,0.011308273300528526,0.009973796084523201,10.8381986618042,0.009973796084523201
403,0.01129575353115797,9.393918991088867,0.01129575353115797,0.009860828518867493,10.902046203613281,0.009860828518867493
404,0.011285072192549706,9.43161392211914,0.011285072192549706,0.009875036776065826,10.867101669311523,0.009875036776065826
405,0.01127187442034483,9.395095825195312,0.01127187442034483,0.009915961883962154,10.808770179748535,0.009915961883962154
406,0.011261234991252422,9.342127799987793,0.011261234991252422,0.009993676096200943,10.770060539245605,0.009993676096200943
407,0.01125350035727024,9.29206371307373,0.01125350035727024,0.009934335947036743,10.835430145263672,0.009934335947036743
408,0.011239755898714066,9.327417373657227,0.011239755898714066,0.009857021272182465,10.919830322265625,0.009857021272182465
409,0.011233960278332233,9.39075756072998,0.011233960278332233,0.009899063035845757,10.89126205444336,0.009899063035845757
410,0.011222508735954762,9.346027374267578,0.011222508735954762,0.00991652999073267,10.836647033691406,0.00991652999073267
411,0.011217149905860424,9.287443161010742,0.011217149905860424,0.009875335730612278,10.824905395507812,0.009875335730612278
412,0.011212137527763844,9.269648551940918,0.011212137527763844,0.009871527552604675,10.83920955657959,0.009871527552604675
413,0.011194972321391106,9.268613815307617,0.011194972321391106,0.009932512417435646,10.857059478759766,0.009932512417435646
414,0.011186270043253899,9.273822784423828,0.011186270043253899,0.009923340752720833,10.908084869384766,0.009923340752720833
415,0.011180436238646507,9.304296493530273,0.011180436238646507,0.009895761497318745,10.938486099243164,0.009895761497318745
416,0.011172578670084476,9.318964958190918,0.011172578670084476,0.009841633029282093,10.928730010986328,0.009841633029282093
417,0.01115922536700964,9.298046112060547,0.01115922536700964,0.009780894964933395,10.901187896728516,0.009780894964933395
418,0.011144202202558517,9.260660171508789,0.011144202202558517,0.00976939219981432,10.836918830871582,0.00976939219981432
419,0.011140381917357445,9.19735050201416,0.011140381917357445,0.00975179485976696,10.825983047485352,0.00975179485976696
420,0.011134540662169456,9.180350303649902,0.011134540662169456,0.009804489091038704,10.841947555541992,0.009804489091038704
421,0.011118254624307156,9.173544883728027,0.011118254624307156,0.009842160157859325,10.911086082458496,0.009842160157859325
422,0.0111100347712636,9.208532333374023,0.0111100347712636,0.009837711229920387,10.980159759521484,0.009837711229920387
423,0.011105888523161411,9.256345748901367,0.011105888523161411,0.009853128343820572,10.977538108825684,0.009853128343820572
424,0.011098269373178482,9.229898452758789,0.011098269373178482,0.009830962866544724,10.945516586303711,0.009830962866544724
425,0.011084886267781258,9.188657760620117,0.011084886267781258,0.009778182953596115,10.920455932617188,0.009778182953596115
426,0.011072707362473011,9.162155151367188,0.011072707362473011,0.009681954979896545,10.91810417175293,0.009681954979896545
427,0.011070587672293186,9.172012329101562,0.011070587672293186,0.009688673540949821,10.903778076171875,0.009688673540949821
428,0.011059357784688473,9.14458179473877,0.011059357784688473,0.009764501824975014,10.883113861083984,0.009764501824975014
429,0.01104840636253357,9.100469589233398,0.01104840636253357,0.009757610969245434,10.921514511108398,0.009757610969245434
430,0.011042028665542603,9.123071670532227,0.011042028665542603,0.00971216894686222,10.994346618652344,0.00971216894686222
431,0.011038215830922127,9.189724922180176,0.011038215830922127,0.009679907001554966,11.03551197052002,0.009679907001554966
432,0.011026759631931782,9.211909294128418,0.011026759631931782,0.00970959197729826,10.996452331542969,0.00970959197729826
433,0.011013069190084934,9.145648002624512,0.011013069190084934,0.009726054035127163,10.934814453125,0.009726054035127163
434,0.011003544554114342,9.070161819458008,0.011003544554114342,0.009725471958518028,10.90846061706543,0.009725471958518028
435,0.010997329838573933,9.033028602600098,0.010997329838573933,0.009716391563415527,10.95240306854248,0.009716391563415527
436,0.010987503454089165,9.049094200134277,0.010987503454089165,0.009666679427027702,11.071228981018066,0.009666679427027702
437,0.010978605598211288,9.153791427612305,0.010978605598211288,0.009651623666286469,11.134072303771973,0.009651623666286469
438,0.010972977615892887,9.210127830505371,0.010972977615892887,0.009696196764707565,11.082817077636719,0.009696196764707565
439,0.010961216874420643,9.147564888000488,0.010961216874420643,0.009728106670081615,11.016233444213867,0.009728106670081615
440,0.010958368889987469,9.04797077178955,0.010958368889987469,0.009713820181787014,10.981014251708984,0.009713820181787014
441,0.010947746224701405,9.005717277526855,0.010947746224701405,0.009662442840635777,11.008162498474121,0.009662442840635777
442,0.010936005041003227,9.029162406921387,0.010936005041003227,0.009573107585310936,11.081493377685547,0.009573107585310936
443,0.010934563353657722,9.099326133728027,0.010934563353657722,0.009548410773277283,11.118732452392578,0.009548410773277283
444,0.010927792638540268,9.128080368041992,0.010927792638540268,0.009622862562537193,11.071761131286621,0.009622862562537193
445,0.010913791134953499,9.062433242797852,0.010913791134953499,0.009672623127698898,11.019744873046875,0.009672623127698898
446,0.010906843468546867,8.997576713562012,0.010906843468546867,0.009622085839509964,11.045743942260742,0.009622085839509964
447,0.010901367291808128,9.015732765197754,0.010901367291808128,0.009589435532689095,11.075602531433105,0.009589435532689095
448,0.010892394930124283,9.054707527160645,0.010892394930124283,0.009587612934410572,11.102396965026855,0.009587612934410572
449,0.010876940563321114,9.060042381286621,0.010876940563321114,0.00956186093389988,11.094807624816895,0.00956186093389988
450,0.01087444368749857,9.044620513916016,0.01087444368749857,0.009546728804707527,11.069944381713867,0.009546728804707527
451,0.010869684629142284,9.012425422668457,0.010869684629142284,0.009529944509267807,11.08580207824707,0.009529944509267807
452,0.010858339257538319,9.025467872619629,0.010858339257538319,0.009592397138476372,11.070358276367188,0.009592397138476372
453,0.010849087499082088,8.98349666595459,0.010849087499082088,0.0096179423853755,11.078134536743164,0.0096179423853755
454,0.010842646472156048,8.966511726379395,0.010842646472156048,0.009539052844047546,11.110311508178711,0.009539052844047546
455,0.010840860195457935,9.012239456176758,0.010840860195457935,0.009500186890363693,11.09964370727539,0.009500186890363693
456,0.010832787491381168,9.00307846069336,0.010832787491381168,0.009506016038358212,11.077116012573242,0.009506016038358212
457,0.010823873803019524,8.967086791992188,0.010823873803019524,0.009495404548943043,11.094718933105469,0.009495404548943043
458,0.010816873982548714,8.972956657409668,0.010816873982548714,0.009493375197052956,11.140645980834961,0.009493375197052956
459,0.010808046907186508,9.012055397033691,0.010808046907186508,0.00952056236565113,11.161260604858398,0.00952056236565113
460,0.010799553245306015,9.00167465209961,0.010799553245306015,0.009514198638498783,11.135917663574219,0.009514198638498783
461,0.010796031914651394,8.945663452148438,0.010796031914651394,0.009548517875373363,11.078755378723145,0.009548517875373363
462,0.010785953141748905,8.837571144104004,0.010785953141748905,0.009565252810716629,11.083537101745605,0.009565252810716629
463,0.01077723503112793,8.826461791992188,0.01077723503112793,0.009508094750344753,11.172205924987793,0.009508094750344753
464,0.010763841681182384,8.94382095336914,0.010763841681182384,0.009489791467785835,11.243431091308594,0.009489791467785835
465,0.010751531459391117,9.000036239624023,0.010751531459391117,0.00951493252068758,11.253564834594727,0.00951493252068758
466,0.010735766962170601,8.931921005249023,0.010735766962170601,0.009465465322136879,11.234975814819336,0.009465465322136879
467,0.010734167881309986,8.869260787963867,0.010734167881309986,0.009379765950143337,11.22491455078125,0.009379765950143337
468,0.010722404345870018,8.877263069152832,0.010722404345870018,0.00933830440044403,11.251768112182617,0.00933830440044403
469,0.010702752508223057,8.923043251037598,0.010702752508223057,0.009307339787483215,11.298652648925781,0.009307339787483215
470,0.010692375712096691,8.957490921020508,0.010692375712096691,0.009331412613391876,11.360086441040039,0.009331412613391876
471,0.01067991741001606,8.954744338989258,0.01067991741001606,0.009320239536464214,11.388945579528809,0.009320239536464214
472,0.010672495700418949,8.926129341125488,0.010672495700418949,0.009278813377022743,11.362787246704102,0.009278813377022743
473,0.0106596564874053,8.870820999145508,0.0106596564874053,0.009148450568318367,11.343894958496094,0.009148450568318367
474,0.010648590512573719,8.896764755249023,0.010648590512573719,0.009045282378792763,11.371343612670898,0.009045282378792763
475,0.01064222864806652,8.959905624389648,0.01064222864806652,0.009065327234566212,11.362390518188477,0.009065327234566212
476,0.010630786418914795,8.900541305541992,0.010630786418914795,0.009072553366422653,11.328241348266602,0.009072553366422653
477,0.010620341636240482,8.847837448120117,0.010620341636240482,0.009036878123879433,11.313497543334961,0.009036878123879433
478,0.01061186008155346,8.852407455444336,0.01061186008155346,0.008959001861512661,11.286340713500977,0.008959001861512661
479,0.010600983165204525,8.876063346862793,0.010600983165204525,0.00889867264777422,11.245061874389648,0.00889867264777422
480,0.010587995871901512,8.861127853393555,0.010587995871901512,0.00892943236976862,11.176572799682617,0.00892943236976862
481,0.010578974150121212,8.767963409423828,0.010578974150121212,0.00894914846867323,11.19316291809082,0.00894914846867323
482,0.010569199919700623,8.763144493103027,0.010569199919700623,0.008876301348209381,11.230180740356445,0.008876301348209381
483,0.01056832354515791,8.828828811645508,0.01056832354515791,0.008845802396535873,11.203303337097168,0.008845802396535873
484,0.010552766732871532,8.792638778686523,0.010552766732871532,0.008864314295351505,11.129154205322266,0.008864314295351505
485,0.010543272830545902,8.679397583007812,0.010543272830545902,0.008807338774204254,11.109966278076172,0.008807338774204254
486,0.010541430674493313,8.670037269592285,0.010541430674493313,0.008747799322009087,11.182158470153809,0.008747799322009087
487,0.010533127933740616,8.747030258178711,0.010533127933740616,0.008735351264476776,11.242448806762695,0.008735351264476776
488,0.01052293460816145,8.780200004577637,0.01052293460816145,0.008760329335927963,11.231475830078125,0.008760329335927963
489,0.01050945557653904,8.712583541870117,0.01050945557653904,0.008793983608484268,11.202600479125977,0.008793983608484268
490,0.010500923730432987,8.609526634216309,0.010500923730432987,0.008800911717116833,11.162172317504883,0.008800911717116833
491,0.01049442496150732,8.556451797485352,0.01049442496150732,0.008740656077861786,11.199344635009766,0.008740656077861786
492,0.010484314523637295,8.647826194763184,0.010484314523637295,0.008729973807930946,11.254459381103516,0.008729973807930946
493,0.010478193871676922,8.71041202545166,0.010478193871676922,0.008842326700687408,11.225614547729492,0.008842326700687408
494,0.010469470173120499,8.595245361328125,0.010469470173120499,0.008901810273528099,11.212530136108398,0.008901810273528099
495,0.010465343482792377,8.53139877319336,0.010465343482792377,0.008829912170767784,11.239945411682129,0.008829912170767784
496,0.01045156829059124,8.584299087524414,0.01045156829059124,0.008716429583728313,11.255130767822266,0.008716429583728313
497,0.010445354506373405,8.644179344177246,0.010445354506373405,0.008723580278456211,11.231939315795898,0.008723580278456211
498,0.010440031997859478,8.570141792297363,0.010440031997859478,0.008754963986575603,11.262102127075195,0.008754963986575603
499,0.010430137626826763,8.5430908203125,0.010430137626826763,0.008789262734353542,11.345720291137695,0.008789262734353542
